element,code,name,position,team,xP,now_cost
170,170,Milner,MID,Brighton,1.96,49.0
291,291,Tarkowski,DEF,Everton,1.91,57.0
753,753,Ruddy,GK,Newcastle,0.11905278616942301,40.0
434,434,Heaton,GK,Man Utd,0.0,38.0
782,782,Forster,GK,Bournemouth,0.04064801555843636,40.0
218,218,Barnes,FWD,Burnley,0.6301260062289266,42.0
138,138,Steele,GK,Brighton,0.0,42.0
178,178,Welbeck,FWD,Brighton,5.73,62.0
185,185,Hladký,GK,Burnley,0.019231885716541396,39.0
73,73,Smith,DEF,Bournemouth,1.66,44.0
124,124,Henderson,MID,Brentford,0.33,50.0
263,263,Clyne,DEF,Crystal Palace,0.04153789330348579,38.0
187,187,Walker,DEF,Burnley,7.6,44.0
341,341,Darlow,GK,Leeds,0.011473921148963648,39.0
294,294,Coleman,DEF,Everton,0.66,42.0
783,783,Groß,MID,Brighton,0.79,55.0
525,525,Wood,FWD,Nott'm Forest,5.13,71.0
457,457,Casemiro,MID,Man Utd,1.86,57.0
470,470,Dúbravka,GK,Burnley,2.81,40.0
33,33,M.Bizot,GK,Aston Villa,0.0,42.0
529,529,Moore,GK,Sunderland,0.04,39.0
671,671,Wilson,FWD,West Ham,4.18,58.0
331,331,Cairney,MID,Fulham,2.06,48.0
478,478,Trippier,DEF,Newcastle,0.3666468289026762,49.0
476,476,Burn,DEF,Newcastle,2.11,50.0
629,629,Bentley,GK,Wolves,0.09,39.0
314,314,Leno,GK,Fulham,0.19,49.0
302,302,Gana,MID,Everton,0.009318361056525552,54.0
471,471,Gillespie,GK,Newcastle,0.012673595004555943,39.0
600,600,Areola,GK,West Ham,1.66,43.0
668,668,Xhaka,MID,Sunderland,1.79,51.0
502,502,Sels,GK,Nott'm Forest,3.21,46.0
664,664,Lecomte,GK,Fulham,0.025269261573293088,39.0
632,632,Doherty,DEF,Wolves,1.13,44.0
400,400,Ortega Moreno,GK,Nott'm Forest,0.2,47.0
55,55,Barkley,MID,Aston Villa,1.43,48.0
422,422,Kovačić,MID,Man City,2.97,58.0
373,373,Virgil,DEF,Liverpool,6.47,63.0
409,409,Stones,DEF,Man City,1.62,54.0
340,340,Cairns,GK,Leeds,0.011124927607267273,39.0
469,469,Pope,GK,Newcastle,2.0,51.0
32,32,Martinez,GK,Aston Villa,3.8,51.0
614,614,Ward-Prowse,MID,Burnley,2.96,56.0
37,37,Digne,DEF,Aston Villa,1.6,45.0
627,627,Johnstone,GK,Wolves,0.03442108323952979,44.0
337,337,Raúl,FWD,Fulham,3.06,62.0
295,295,Keane,DEF,Everton,4.72,46.0
443,443,Shaw,DEF,Man Utd,0.63,45.0
675,675,Gunn,GK,Nott'm Forest,1.1424761904761906,40.0
270,270,Hughes,MID,Crystal Palace,1.71,47.0
159,159,March,MID,Brighton,1.03,58.0
232,232,Tosin,DEF,Chelsea,4.22,40.0
2,2,Arrizabalaga,GK,Arsenal,3.36,40.0
287,287,Pickford,GK,Everton,3.88,56.0
86,86,Brooks,MID,Bournemouth,1.81,50.0
152,152,Veltman,DEF,Brighton,0.07,43.0
346,346,Byram,DEF,Leeds,0.005929753835863162,37.0
489,489,J.Murphy,MID,Newcastle,0.009318361056525552,59.0
20,20,Trossard,MID,Arsenal,0.9225,66.0
366,366,A.Becker,GK,Liverpool,1.38,54.0
381,381,M.Salah,MID,Liverpool,1.025,140.0
474,474,Schär,DEF,Newcastle,0.185,52.0
254,254,Benitez,GK,Crystal Palace,0.011473921148963648,40.0
401,401,Bettinelli,GK,Man City,0.15903806441722373,38.0
372,372,Robertson,DEF,Liverpool,4.76,57.0
54,54,McGinn,MID,Aston Villa,4.14,53.0
405,405,Aké,DEF,Man City,0.37,52.0
24,24,Nørgaard,MID,Arsenal,3.27,51.0
570,570,Danso,DEF,Spurs,0.044075211599872564,42.0
630,630,King,GK,Everton,0.12086620414687549,39.0
449,449,B.Fernandes,MID,Man Utd,8.51,103.0
628,628,José Sá,GK,Wolves,3.49,42.0
40,40,Mings,DEF,Aston Villa,2.43,43.0
272,272,Lerma,MID,Crystal Palace,1.8,49.0
324,324,Iwobi,MID,Fulham,0.63,64.0
336,336,Reed,MID,Fulham,0.04,43.0
329,329,Wilson,MID,Fulham,0.95,61.0
673,673,J.Palhinha,MID,Spurs,2.49,55.0
1,1,Raya,GK,Arsenal,2.79,60.0
596,596,Solanke,FWD,Spurs,4.98,72.0
88,88,Cook,MID,Bournemouth,0.49,49.0
369,369,Woodman,GK,Liverpool,0.0,39.0
817,817,Armstrong,FWD,Wolves,0.0,52.0
87,87,Christie,MID,Bournemouth,0.29833333333333334,49.0
659,659,Walker-Peters,DEF,West Ham,5.06,42.0
507,507,Aina,DEF,Nott'm Forest,1.79,47.0
326,326,Adama,MID,West Ham,1.85,51.0
416,416,Bernardo,MID,Man City,2.34,62.0
319,319,Castagne,DEF,Fulham,0.41,43.0
48,48,Tielemans,MID,Aston Villa,2.46,59.0
322,322,Tete,DEF,Fulham,1.2374999999999998,45.0
539,539,O'Nien,DEF,Sunderland,3.44,40.0
98,98,Enes Ünal,FWD,Bournemouth,0.04698178542965202,54.0
316,316,Robinson,DEF,Fulham,1.02,49.0
255,255,Matthews,GK,Crystal Palace,0.0,39.0
376,376,Gomez,DEF,Liverpool,2.18,49.0
408,408,Rúben,DEF,Man City,3.7199999999999998,55.0
253,253,Henderson,GK,Crystal Palace,3.49,50.0
808,808,Abraham,FWD,Aston Villa,1.23,60.0
206,206,Edwards,MID,Burnley,0.63,47.0
365,365,Nmecha,FWD,Leeds,0.34,50.0
317,317,Andersen,DEF,Fulham,1.23,46.0
691,691,Calvert-Lewin,FWD,Leeds,2.38,56.0
624,624,Bowen,FWD,West Ham,1.79,75.0
64,64,Watkins,FWD,Aston Villa,4.78,85.0
224,224,Cucurella,DEF,Chelsea,6.27,60.0
202,202,Bruun Larsen,MID,Burnley,1.71,53.0
493,493,Longstaff,MID,Leeds,0.31,48.0
198,198,Tuanzebe,DEF,Burnley,0.013351134278237536,39.0
490,490,Joelinton,MID,Newcastle,1.17,59.0
17,17,Ødegaard,MID,Arsenal,4.612500000000001,78.0
455,455,Mount,MID,Man Utd,1.72,59.0
328,328,Sessegnon,MID,Fulham,0.04946113933106686,54.0
719,719,Lindelöf,DEF,Aston Villa,4.35,45.0
642,642,Hee Chan,MID,Wolves,0.15,56.0
108,108,Ajer,DEF,Brentford,1.05,44.0
50,50,Buendía,MID,Aston Villa,1.03,53.0
11,11,White,DEF,Arsenal,4.7,51.0
354,354,Ampadu,MID,Leeds,0.02556479158646249,49.0
36,36,Cash,DEF,Aston Villa,1.86,47.0
38,38,Konsa,DEF,Aston Villa,1.98,44.0
494,494,Willock,MID,Newcastle,1.03,50.0
353,353,James,MID,Leeds,0.95,52.0
27,27,Nelson,MID,Brentford,0.74,48.0
101,101,Kelleher,GK,Brentford,0.009318361056525552,48.0
85,85,Adams,MID,Bournemouth,1.025,49.0
694,694,Mukiele,DEF,Sunderland,2.56,45.0
665,665,Perri,GK,Leeds,0.08123797684833096,44.0
84,84,Tavernier,MID,Bournemouth,4.02,54.0
487,487,Barnes,MID,Newcastle,1.9,61.0
683,683,Alderete,DEF,Sunderland,5.61,41.0
585,585,Bentancur,MID,Spurs,0.58,52.0
143,143,Boscagli,DEF,Brighton,1.03,42.0
21,21,Rice,MID,Arsenal,4.43,73.0
125,125,Janelt,MID,Brentford,0.04,49.0
374,374,Konaté,DEF,Liverpool,2.05,55.0
736,736,Donnarumma,GK,Man City,1.77,56.0
522,522,Yates,MID,Nott'm Forest,1.16,47.0
284,284,Nketiah,FWD,Crystal Palace,1.09,54.0
31,31,G.Jesus,FWD,Arsenal,7.1,64.0
388,388,C.Jones,MID,Liverpool,1.14,54.0
330,330,Berge,MID,Fulham,2.12,49.0
126,126,Jensen,MID,Brentford,1.02,49.0
488,488,Bruno G.,MID,Newcastle,1.215,68.0
199,199,Worrall,DEF,Burnley,0.0034982435464017293,38.0
260,260,Guéhi,DEF,Man City,0.0,51.0
816,816,Angel,MID,Wolves,0.011473921148963648,47.0
516,516,Hudson-Odoi,MID,Nott'm Forest,1.1,57.0
456,456,Sancho,MID,Aston Villa,1.9500000000000002,58.0
414,414,Foden,MID,Man City,1.74,80.0
140,140,McGill,GK,Brighton,0.1388144807908587,39.0
325,325,Smith Rowe,MID,Fulham,0.017956084890891216,56.0
271,271,Kamada,MID,Crystal Palace,1.7,50.0
527,527,Awoniyi,FWD,Nott'm Forest,0.78,52.0
521,521,Sangaré,MID,Nott'm Forest,1.26,49.0
332,332,Lukić,MID,Fulham,1.67,49.0
597,597,Richarlison,FWD,Spurs,2.31,63.0
605,605,Kilman,DEF,West Ham,0.0,41.0
348,348,Rodon,DEF,Leeds,0.07464510695568055,39.0
566,566,Austin,GK,Spurs,0.021119118745593843,39.0
610,610,Wan-Bissaka,DEF,West Ham,5.04,41.0
220,220,Sánchez,GK,Chelsea,4.27,48.0
508,508,N.Williams,DEF,Nott'm Forest,2.26,47.0
517,517,Anderson,MID,Nott'm Forest,3.36,55.0
242,242,Dewsbury-Hall,MID,Everton,0.82,51.0
613,613,Souček,MID,West Ham,2.97,57.0
550,550,Poveda,MID,Sunderland,0.009346573449727674,47.0
49,49,Bailey,MID,Aston Villa,0.5625,55.0
440,440,Dalot,DEF,Man Utd,0.03665854476414915,46.0
722,722,Florentino,MID,Burnley,1.32,50.0
370,370,Frimpong,DEF,Liverpool,5.37,57.0
135,135,Wissa,FWD,Newcastle,2.67,73.0
727,727,Chukwueze,MID,Fulham,2.24,53.0
259,259,Sosa,DEF,Crystal Palace,0.02,48.0
499,499,Isak,FWD,Liverpool,0.995,103.0
164,164,O'Riley,MID,Brighton,4.43,55.0
30,30,Havertz,FWD,Arsenal,1.18,73.0
320,320,Diop,DEF,Fulham,2.75,43.0
379,379,R.Williams,DEF,Liverpool,0.02250789406935273,37.0
815,815,Disasi,DEF,West Ham,0.05,45.0
421,421,Rodrigo,MID,Man City,1.11,63.0
706,706,Justin,DEF,Leeds,2.01,39.0
72,72,Senesi,DEF,Bournemouth,4.84,51.0
569,569,Romero,DEF,Spurs,0.66,50.0
437,437,Martinez,DEF,Man Utd,0.0,48.0
515,515,Gibbs-White,MID,Nott'm Forest,0.39,74.0
448,448,Malacia,DEF,Man Utd,0.02250789406935273,38.0
343,343,Struijk,DEF,Leeds,0.94,43.0
430,430,Haaland,FWD,Man City,5.73,144.0
16,16,Saka,MID,Arsenal,0.57,98.0
149,149,Igor,DEF,Brighton,0.05312271160403224,45.0
385,385,Chiesa,MID,Liverpool,0.27749999999999997,63.0
531,531,Ballard,DEF,Sunderland,5.535,47.0
666,666,Gyökeres,FWD,Arsenal,0.618449127619071,88.0
292,292,Mykolenko,DEF,Everton,6.59,49.0
674,674,Ramsdale,GK,Newcastle,2.48,48.0
225,225,James,DEF,Chelsea,2.055,56.0
342,342,Bogle,DEF,Leeds,1.63,44.0
5,5,Gabriel,DEF,Arsenal,0.015,72.0
505,505,Milenković,DEF,Nott'm Forest,2.58,51.0
288,288,Travers,GK,Everton,0.03271866996228092,43.0
438,438,Mazraoui,DEF,Man Utd,1.17,49.0
699,699,Douglas Luiz,MID,Aston Villa,2.56,49.0
644,644,Bellegarde,MID,Wolves,1.22,51.0
111,111,Pinnock,DEF,Brentford,0.11,42.0
148,148,F.Kadıoğlu,DEF,Brighton,0.01972926029180919,44.0
636,636,S.Bueno,DEF,Wolves,1.33,44.0
283,283,Mateta,FWD,Crystal Palace,2.11,75.0
459,459,Ugarte,MID,Man Utd,0.95,47.0
267,267,Sarr,MID,Crystal Palace,5.87,63.0
774,774,Jenson Jones,DEF,Sunderland,0.023059678042483687,40.0
266,266,Eze,MID,Arsenal,2.6475,72.0
52,52,J.Ramsey,MID,Newcastle,1.21,53.0
796,796,Gallagher,MID,Spurs,0.02250789406935273,51.0
485,485,Gordon,MID,Newcastle,1.15,74.0
573,573,Spence,DEF,Spurs,2.19,42.0
318,318,Bassey,DEF,Fulham,0.5925,44.0
303,303,Garner,MID,Everton,0.030807666362005846,52.0
606,606,Mavropanos,DEF,West Ham,0.009346573449727674,44.0
102,102,Balcombe,GK,Brentford,0.0,39.0
362,362,Piroe,FWD,Leeds,0.95,49.0
229,229,B.Badiashile,DEF,Chelsea,0.061282488264159454,44.0
685,685,Diakité,DEF,Bournemouth,0.12,42.0
580,580,Johnson,MID,Crystal Palace,1.21,65.0
386,386,Mac Allister,MID,Liverpool,1.84,63.0
384,384,Gakpo,MID,Liverpool,5.65,73.0
347,347,Gudmundsson,DEF,Leeds,2.48,38.0
296,296,Patterson,DEF,Everton,0.37,44.0
338,338,Muniz,FWD,Fulham,0.16,53.0
258,258,Mitchell,DEF,Crystal Palace,1.13,50.0
47,47,Rogers,MID,Aston Villa,2.13,75.0
235,235,Palmer,MID,Chelsea,3.04,106.0
41,41,Pau,DEF,Aston Villa,0.91,43.0
321,321,J.Cuenca,DEF,Fulham,0.73,43.0
256,256,Muñoz,DEF,Crystal Palace,3.34,58.0
654,654,Strand Larsen,FWD,Crystal Palace,1.92,61.0
236,236,Neto,MID,Chelsea,0.4,70.0
791,791,Taty,FWD,West Ham,3.44,55.0
726,726,Kolo Muani,FWD,Spurs,1.2,69.0
724,724,Geertruida,DEF,Sunderland,1.27,45.0
358,358,Tanaka,MID,Leeds,0.06,48.0
18,18,Madueke,MID,Arsenal,2.67,68.0
418,418,Doku,MID,Man City,2.32,64.0
107,107,Lewis-Potter,DEF,Brentford,2.04,48.0
519,519,Dominguez,MID,Nott'm Forest,2.12,50.0
387,387,Szoboszlai,MID,Liverpool,2.32,70.0
261,261,Richards,DEF,Crystal Palace,2.1,44.0
350,350,Aaronson,MID,Leeds,1.14,54.0
450,450,Cunha,MID,Man Utd,2.94,80.0
709,709,Krejčí,DEF,Wolves,3.72,45.0
215,215,Flemming,FWD,Burnley,0.94,53.0
491,491,Tonali,MID,Newcastle,2.61,53.0
426,426,McAtee,MID,Nott'm Forest,0.28,50.0
182,182,Trafford,GK,Man City,0.0,45.0
106,106,Collins,DEF,Brentford,2.33,49.0
427,427,Reijnders,MID,Man City,0.3,50.0
300,300,McNeil,MID,Everton,2.24,55.0
541,541,Reinildo,DEF,Sunderland,0.47,38.0
344,344,Bijol,DEF,Leeds,1.67,39.0
217,217,Foster,FWD,Burnley,2.84,49.0
698,698,Okafor,MID,Leeds,0.18,55.0
339,339,Meslier,GK,Leeds,0.02,41.0
257,257,Lacroix,DEF,Crystal Palace,2.77,51.0
560,560,Isidor,FWD,Sunderland,2.57,50.0
82,82,Semenyo,MID,Man City,12.04,82.0
345,345,Bornauw,DEF,Leeds,0.48,38.0
214,214,Trésor,MID,Burnley,0.22499999999999998,43.0
413,413,Marmoush,MID,Man City,3.09,83.0
121,121,Damsgaard,MID,Brentford,2.62,56.0
680,680,Broja,FWD,Burnley,0.05476294740806606,52.0
299,299,Ndiaye,MID,Everton,1.875,62.0
568,568,Pedro Porro,DEF,Spurs,0.14,51.0
477,477,Livramento,DEF,Newcastle,2.47,49.0
730,730,Brobbey,FWD,Sunderland,0.94,53.0
390,390,Gravenberch,MID,Liverpool,0.0,55.0
39,39,Maatsen,DEF,Aston Villa,1.67,42.0
97,97,Evanilson,FWD,Bournemouth,3.38,68.0
19,19,Martinelli,MID,Arsenal,0.0,68.0
200,200,Anthony,MID,Burnley,0.012317125354574923,50.0
230,230,Fofana,DEF,Chelsea,0.0038852416278173287,44.0
113,113,Van den Berg,DEF,Brentford,2.39,46.0
389,389,Elliott,MID,Aston Villa,0.12333333333333334,51.0
8,8,J.Timber,DEF,Arsenal,1.395,63.0
119,119,Mbeumo,MID,Man Utd,6.62,86.0
237,237,Enzo,MID,Chelsea,3.17,66.0
646,646,J.Gomes,MID,Wolves,1.54,53.0
725,725,Hincapie,DEF,Arsenal,3.63,51.0
402,402,Aït-Nouri,DEF,Man City,3.2,57.0
367,367,Mamardashvili,GK,Liverpool,0.0,41.0
486,486,Elanga,MID,Newcastle,2.55,65.0
59,59,Onana,MID,Aston Villa,1.94,48.0
431,431,Bayindir,GK,Man Utd,4.21,47.0
157,157,Mitoma,MID,Brighton,2.9,61.0
669,669,Ndoye,MID,Nott'm Forest,0.6,55.0
67,67,Petrović,GK,Bournemouth,0.1184994559688623,45.0
466,466,Zirkzee,FWD,Man Utd,0.39,58.0
582,582,Kudus,MID,Spurs,2.825,64.0
193,193,Humphreys,DEF,Burnley,0.011007279106999827,39.0
535,535,Cirkin,DEF,Sunderland,0.24,40.0
435,435,Mee,GK,Man Utd,0.0817099843522126,39.0
609,609,Todibo,DEF,West Ham,1.2825,43.0
6,6,Saliba,DEF,Arsenal,0.1875,61.0
250,250,Delap,FWD,Chelsea,0.79,62.0
158,158,Georginio,MID,Brighton,0.13375535575535566,56.0
239,239,Gittens,MID,Chelsea,0.037500000000000006,60.0
77,77,Hill,DEF,Bournemouth,0.19,42.0
733,733,Lammens,GK,Man Utd,2.69,50.0
407,407,Matheus N.,DEF,Man City,4.53,53.0
207,207,Hannibal,MID,Burnley,0.010013350708678152,47.0
684,684,Thiaw,DEF,Newcastle,4.29,51.0
423,423,N.Gonzalez,MID,Man City,2.31,59.0
145,145,De Cuyper,DEF,Brighton,0.61,43.0
417,417,Cherki,MID,Man City,1.76,63.0
7,7,Calafiori,DEF,Arsenal,0.77,56.0
660,660,Stach,MID,Leeds,3.49,48.0
679,679,Hermansen,GK,West Ham,0.23,42.0
173,173,Wieffer,MID,Brighton,2.39,49.0
151,151,Van Hecke,DEF,Brighton,2.75,45.0
210,210,Tchaouna,MID,Burnley,1.49,49.0
714,714,Woltemade,FWD,Newcastle,0.37,67.0
223,223,Slonina,GK,Chelsea,0.03378613585952359,39.0
116,116,Hickey,DEF,Brentford,0.04030921657573216,40.0
411,411,O'Reilly,DEF,Man City,1.98,50.0
298,298,Welch,DEF,Everton,0.618449127619071,38.0
249,249,João Pedro,FWD,Chelsea,0.6925,78.0
734,734,Bakwa,MID,Nott'm Forest,0.47,59.0
410,410,Lewis,DEF,Man City,0.57,46.0
424,424,Bobb,MID,Fulham,3.1,51.0
191,191,Estève,DEF,Burnley,1.8,39.0
554,554,Ba,MID,Sunderland,0.0,43.0
190,190,Ekdal,DEF,Burnley,0.18,38.0
290,290,Branthwaite,DEF,Everton,1.43,53.0
688,688,Wright,GK,Aston Villa,0.12086620414687549,39.0
26,26,Zubimendi,MID,Arsenal,3.49,51.0
593,593,P.M.Sarr,MID,Spurs,1.18,45.0
228,228,Gusto,DEF,Chelsea,1.07,49.0
526,526,Igor Jesus,FWD,Nott'm Forest,3.86,58.0
635,635,R.Gomes,DEF,Wolves,1.29,44.0
547,547,E.Le Fée,MID,Sunderland,2.76,49.0
511,511,Morato,DEF,Nott'm Forest,0.4,43.0
567,567,Kinsky,GK,Spurs,0.64,39.0
677,677,Guessand,MID,Crystal Palace,2.21,62.0
681,681,Šeško,FWD,Man Utd,3.7,74.0
311,311,Beto,FWD,Everton,2.1,50.0
356,356,Gruev,MID,Leeds,2.82,47.0
241,241,Caicedo,MID,Chelsea,2.28,57.0
574,574,Udogie,DEF,Spurs,0.36,43.0
532,532,Hume,DEF,Sunderland,6.16,45.0
473,473,Hall,DEF,Newcastle,0.24,54.0
712,712,Yeremy,MID,Crystal Palace,2.16,58.0
720,720,Tolu,FWD,Wolves,3.36,53.0
380,380,Ramsay,DEF,Liverpool,0.19275224322472437,38.0
139,139,Verbruggen,GK,Brighton,2.39,45.0
276,276,Devenny,MID,Crystal Palace,1.22,43.0
697,697,Adli,MID,Bournemouth,1.33,54.0
304,304,Iroegbunam,MID,Everton,0.89,48.0
623,623,Potts,MID,West Ham,0.2,44.0
633,633,H.Bueno,DEF,Wolves,0.0034982435464017293,43.0
247,247,D.Essugo,MID,Chelsea,0.6591606542752053,43.0
575,575,Van de Ven,DEF,Spurs,1.77,44.0
351,351,Gnonto,MID,Leeds,1.95,51.0
453,453,Garnacho,MID,Chelsea,1.2,64.0
572,572,Dragusin,DEF,Spurs,0.021119118745593843,45.0
452,452,Amad,MID,Man Utd,9.37,62.0
717,717,Xavi,MID,Spurs,1.89,65.0
794,794,Alleyne,DEF,Man City,0.04966496300347702,39.0
74,74,Truffert,DEF,Bournemouth,3.74,47.0
382,382,Wirtz,MID,Liverpool,0.38,83.0
192,192,Hartman,DEF,Burnley,0.0,40.0
391,391,Gannon-Doak,MID,Bournemouth,0.026072719370039993,48.0
273,273,Wharton,MID,Crystal Palace,0.67,50.0
707,707,Dibling,MID,Everton,0.53,53.0
682,682,Møller Wolfe,DEF,Wolves,1.05,42.0
670,670,Roefs,GK,Sunderland,0.46499999999999997,48.0
15,15,Nichols,DEF,Arsenal,0.0,37.0
10,10,Lewis-Skelly,DEF,Arsenal,1.82,51.0
667,667,Aznou,DEF,Everton,0.0038852416278173287,42.0
252,252,Marc Guiu,FWD,Chelsea,0.22586904761904766,41.0
750,750,Rowswell,DEF,Spurs,0.026072719370039993,40.0
595,595,Olusesi,MID,Spurs,0.17277305132038445,43.0
803,803,Sharman-Lowe,GK,Chelsea,0.052543990909130846,40.0
662,662,Mosquera,DEF,Arsenal,3.23,53.0
634,634,Mosquera,DEF,Wolves,0.0,43.0
136,136,Thiago,FWD,Brentford,1.59,73.0
90,90,Scott,MID,Bournemouth,1.32,50.0
693,693,Hutchinson,MID,Nott'm Forest,3.05,54.0
676,676,Ugochukwu,MID,Burnley,1.65,50.0
307,307,Ebere,MID,Everton,0.044076938919552756,44.0
786,786,McNally,GK,Fulham,0.11218292139028943,40.0
105,105,Valdimarsson,GK,Brentford,0.01,39.0
129,129,Yarmoliuk,MID,Brentford,2.44,50.0
221,221,Jörgensen,GK,Chelsea,0.0,43.0
643,643,André,MID,Wolves,2.02,52.0
166,166,Ayari,MID,Brighton,1.81,48.0
415,415,Savinho,MID,Man City,1.39,69.0
637,637,Toti,DEF,Wolves,2.14,42.0
661,661,Ekitiké,FWD,Liverpool,3.45,93.0
584,584,Tel,MID,Spurs,2.0775,62.0
293,293,O'Brien,DEF,Everton,4.09,49.0
120,120,Schade,MID,Brentford,4.0,70.0
728,728,Röhl,MID,Everton,1.02,50.0
169,169,Gomez,MID,Brighton,7.08,49.0
244,244,Lavia,MID,Chelsea,1.15,49.0
44,44,Bogarde,DEF,Aston Villa,0.018312841616619453,40.0
262,262,Chadi Riad,DEF,Crystal Palace,0.09643790761890793,40.0
763,763,Gray,MID,Man City,0.045437226709560144,45.0
757,757,Hollingshead,GK,Aston Villa,0.03413652882139663,40.0
458,458,Mainoo,MID,Man Utd,1.33,46.0
183,183,Weiss,GK,Burnley,0.044076938919552756,43.0
789,789,Merrick,GK,Chelsea,0.618449127619071,40.0
76,76,Bevan,DEF,Bournemouth,0.03665854476414915,38.0
760,760,Lucky,DEF,Liverpool,0.07464510695568055,40.0
771,771,Fletcher,MID,Man Utd,0.46,44.0
695,695,Tchatchoua,DEF,Wolves,3.73,44.0
281,281,Rodney,MID,Crystal Palace,0.11380447779129856,44.0
785,785,Pablo,FWD,West Ham,0.23,54.0
658,658,Fraser,FWD,Wolves,0.9160584233933612,42.0
163,163,Hinshelwood,MID,Brighton,9.81,51.0
246,246,Andrey Santos,MID,Chelsea,0.618449127619071,45.0
83,83,O.Dango,MID,Brentford,0.56,60.0
710,710,Patterson,DEF,Aston Villa,0.15394340274194068,39.0
104,104,Eyestone,GK,Brentford,0.11218292139028943,39.0
167,167,Baleba,MID,Brighton,1.93,45.0
608,608,Scarles,DEF,West Ham,1.29,43.0
168,168,Buonanotte,MID,Leeds,1.21,46.0
500,500,Osula,FWD,Newcastle,1.38,54.0
75,75,Akinmboni,DEF,Bournemouth,0.3534125009538255,38.0
371,371,Kerkez,DEF,Liverpool,4.29,56.0
481,481,A.Murphy,DEF,Newcastle,0.0,38.0
544,544,Diarra,MID,Sunderland,5.31,53.0
462,462,J.Fletcher,MID,Man Utd,0.03413652882139663,43.0
557,557,H.Jones,MID,Sunderland,0.014855265518925829,43.0
446,446,Fredricson,DEF,Man Utd,0.16,37.0
591,591,Gray,MID,Spurs,2.36,48.0
497,497,L.Miley,MID,Newcastle,0.185,44.0
156,156,Tasker,DEF,Brighton,0.024484809093136915,38.0
306,306,Bates,MID,Everton,0.009318361056525552,43.0
513,513,Abbott,DEF,Nott'm Forest,0.0,38.0
195,195,Lucas Pires,DEF,Burnley,1.13,38.0
553,553,Talbi,MID,Sunderland,0.66,49.0
243,243,George,MID,Everton,1.97,48.0
444,444,Yoro,DEF,Man Utd,0.35,41.0
672,672,Hato,DEF,Chelsea,1.86,46.0
4,4,Setford,GK,Arsenal,0.0,39.0
708,708,M.Fernandes,MID,West Ham,4.34,55.0
713,713,A.Jimenez,DEF,Bournemouth,6.03,45.0
765,765,Shahar,DEF,Newcastle,0.03378613585952359,40.0
551,551,Rigg,MID,Sunderland,0.7241538461538463,47.0
744,744,Oriola,MID,Brighton,0.011007279106999827,45.0
461,461,Fitzgerald,MID,Man Utd,0.04966496300347702,43.0
100,100,Kroupi.Jr,FWD,Bournemouth,1.1099999999999999,47.0
13,13,Clarke,DEF,Arsenal,0.10276986575515983,37.0
561,561,Mayenda,FWD,Sunderland,1.87,52.0
703,703,Proctor,GK,Aston Villa,0.12528377959599063,39.0
718,718,S.Magassa,MID,West Ham,0.98,50.0
787,787,Chambers,MID,Leeds,0.019264379277625816,44.0
428,428,Nypan,MID,Man City,0.009318361056525552,50.0
69,69,McKenna,GK,Bournemouth,0.0,39.0
523,523,Da Silva Moreira,MID,Nott'm Forest,0.0,45.0
586,586,Bergvall,MID,Spurs,0.14,52.0
231,231,M.Sarr,DEF,Chelsea,2.02,45.0
510,510,Jair Cunha,DEF,Nott'm Forest,0.52,42.0
506,506,Murillo,DEF,Nott'm Forest,1.96,52.0
769,769,Bendito Mantato,MID,Man Utd,0.013351134278237536,45.0
755,755,Lacey,MID,Man Utd,0.05,45.0
788,788,Kukonki,DEF,Man Utd,0.009346573449727674,40.0
286,286,Marsh,FWD,Crystal Palace,0.0,44.0
233,233,Acheampong,DEF,Chelsea,0.024484809093136915,37.0
754,754,George Hemmings,MID,Aston Villa,0.01,45.0
552,552,Sadiki,MID,Sunderland,2.55,49.0
335,335,King,MID,Fulham,1.2,44.0
406,406,Khusanov,DEF,Man City,0.2522142857142856,54.0
483,483,Pivas,DEF,Newcastle,0.02250789406935273,38.0
203,203,Boateng,MID,Burnley,0.016456158916906428,47.0
274,274,Agbinone,MID,Crystal Palace,0.013351134278237536,43.0
764,764,Heskey,MID,Man City,0.04946113933106686,45.0
368,368,Pécsi,GK,Liverpool,0.04,38.0
310,310,Barry,FWD,Everton,2.18,57.0
778,778,Sutherland,MID,Wolves,0.08123797684833096,45.0
657,657,Chiwome,FWD,Wolves,0.011580192613736426,44.0
265,265,Kporha,DEF,Crystal Palace,0.12528377959599063,40.0
690,690,Cardines,MID,Crystal Palace,0.03659706161585158,44.0
793,793,King,DEF,Crystal Palace,0.11380447779129856,40.0
323,323,Amissah,DEF,Fulham,0.044075211599872564,38.0
396,396,Nyoni,MID,Liverpool,0.3666468289026762,43.0
160,160,Minteh,MID,Brighton,1.98,55.0
652,652,Gonzalez,MID,Wolves,0.0,43.0
746,746,Morrison,MID,Liverpool,0.0027074361666252727,45.0
467,467,Obi,FWD,Man Utd,2.59,42.0
651,651,Edozie,MID,Wolves,0.20322281999037306,43.0
795,795,Howell,MID,Brighton,0.93,45.0
501,501,Neave,FWD,Newcastle,0.856093684093684,43.0
766,766,Olagunju,DEF,Wolves,0.0,40.0
747,747,Mayers,DEF,West Ham,0.05312271160403224,40.0
761,761,Simmonds,DEF,Brighton,0.030425086317862178,40.0
767,767,Rawlings,MID,Wolves,0.013351134278237536,45.0
130,130,Donovan,MID,Brentford,0.92,44.0
447,447,Heaven,DEF,Man Utd,5.125,37.0
687,687,Rees-Dottin,MID,Bournemouth,0.023561543237856006,43.0
42,42,A.García,DEF,Aston Villa,0.57,39.0
110,110,Kayode,DEF,Brentford,2.41,45.0
305,305,Armstrong,MID,Everton,0.09498751946156485,45.0
743,743,Emenalo,MID,Chelsea,0.012673595004555943,45.0
790,790,Williams-Barnett,MID,Spurs,0.026072719370039993,45.0
686,686,Ngumoha,MID,Liverpool,0.9,43.0
378,378,Nallo,DEF,Liverpool,0.17277305132038445,37.0
562,562,Abdullahi,FWD,Sunderland,0.0,42.0
603,603,Diouf,DEF,West Ham,4.22,41.0
759,759,Salmon,DEF,Arsenal,0.07510857788114542,40.0
700,700,Dowman,MID,Arsenal,0.03,42.0
742,742,McAidoo,MID,Man City,0.011124927607267273,45.0
781,781,Carroll,DEF,Aston Villa,0.014117340404211072,40.0
770,770,Ridgeon,MID,Fulham,0.044076938919552756,45.0
721,721,Milosavljević,DEF,Bournemouth,1.07,44.0
689,689,Seung soo,MID,Newcastle,0.0,43.0
238,238,Estêvão,MID,Chelsea,0.52,64.0
546,546,Aleksić,MID,Sunderland,0.02556479158646249,49.0
779,779,Graham,FWD,Everton,0.07960396122976668,45.0
758,758,Mohamadou Kanté,MID,West Ham,0.12,45.0
780,780,Casey,FWD,Crystal Palace,0.019156026622801522,45.0
737,737,Kusi-Asare,FWD,Fulham,0.028809170774047686,45.0
745,745,Byfield,DEF,Spurs,0.0,40.0
640,640,Pedro Lima,DEF,Wolves,0.0,40.0
773,773,Benamar,DEF,Crystal Palace,0.028988296039469983,40.0
752,752,Golambeckis,DEF,West Ham,0.028204356150655686,40.0
702,702,Burrowes,MID,Aston Villa,0.005929753835863162,44.0
711,711,Harriman-Annous,MID,Arsenal,0.026072719370039993,44.0
749,749,Mané,FWD,Wolves,0.575,44.0
181,181,Kostoulas,FWD,Brighton,1.05,48.0
776,776,Pimlott,MID,Burnley,0.044075211599872564,45.0
723,723,Canvot,DEF,Crystal Palace,2.04,45.0
792,792,Alysson,MID,Aston Villa,1.05,50.0
732,732,Uche,FWD,Crystal Palace,0.85,55.0
439,439,D.Leon,DEF,Man Utd,0.019074222175057495,41.0
768,768,Leon Routh,DEF,Aston Villa,0.014117340404211072,40.0
772,772,Alabi,MID,Newcastle,0.030425086317862178,45.0
762,762,Drakes-Thomas,MID,Crystal Palace,0.05100768587683363,45.0
756,756,DaCosta,MID,Bournemouth,0.019074222175057495,45.0
784,784,Brierley,MID,Burnley,0.009318361056525552,45.0
